"3","cummings.gwendolyn@example.com","81","Audra","Hickle","Female","48449120","(914)352-9","18248 Russel Unions Suite 025\
Aurelioburgh, WA 95245"
"4","martine99@example.net","6","Jewell","Hansen","Male","15679802","122.934.52","4988 Ayla Trafficway Apt. 369\
East Chesleyside, CO 69529-0605"
"7","kirlin.filomena@example.com","0","Lester","Weber","Male","77813465","(427)170-4","018 Eichmann Drive Apt. 293\
New Coralieborough, IN 81711"
"8","zstanton@example.org","7738","Nils","Veum","Male","79362391","781.785.35","58201 Gulgowski Loop Suite 867\
Zboncakport, WI 34658-2903"
"9","bcartwright@example.org","0","Martina","Kulas","Female","19771612","0287424329","13764 Hoeger Mountains\
North Hunterburgh, TN 80107"
"11","gino.denesik@example.org","0","Althea","Brekke","Male","61461533","(382)061-2","04071 Gislason Mews Apt. 148\
Kareemburgh, ID 90765-1758"
"12","ktowne@example.net","0","Vince","Hegmann","Female","15235125","0691872152","01239 Wehner Causeway Apt. 207\
East Gaetano, VA 49131-9194"
"13","jarrett28@example.net","0","Justen","Kunze","Female","406689","489-476-97","9132 Celestino Causeway Suite 584\
Deannaview, NE 69623-9797"
"14","ischiller@example.net","2196","Anais","Miller","Female","72864926","208.793.91","165 Brooks Mount\
Erichshire, NJ 95437"
"15","cecilia.mann@example.org","364","Alta","Moen","Male","79817002","(259)223-3","50577 Heber Loaf\
South Ethanberg, ME 63004"
"16","considine.citlalli@example.net","0","Myrtie","Sporer","Male","39903196","+29(9)5112","308 King Ford\
West Haroldbury, CO 86069"
"17","cleora.lehner@example.com","0","Marlee","Rath","Male","75375132","+56(1)6485","85194 Fahey Pike Suite 791\
Eldridgeborough, CO 38095-9851"
"19","noel.morissette@example.org","4","Arjun","Murphy","Female","72056179","(954)952-7","97203 Rippin Pass Suite 138\
Jaidabury, IN 57120-8823"
"22","daisy.hermiston@example.net","23987","Duane","Lind","Male","6447180","777-582-16","2675 Geoffrey Cliff Suite 470\
Murrayfurt, MS 22328-1097"
"24","kemard@example.org","9","Christop","Heaney","Male","4658676","975.923.06","578 Farrell Mission Apt. 563\
Douglasmouth, OK 85265"
"25","michaela02@example.org","0","Leanne","Kovacek","Male","28940697","820-645-93","797 Beth Mount\
Gennarostad, MN 51634"
"27","gutkowski.hazel@example.org","0","Kelsi","Goodwin","Female","60378390","1-906-014-","92478 Schimmel Squares Apt. 399\
Ofeliaview, IL 76196-3044"
"28","irving97@example.com","3","Ida","Kerluke","Female","72273052","1-559-519-","56207 Sonia Stravenue Suite 717\
Parkerstad, WI 79250-2809"
"31","eileen.stanton@example.net","785","Jewel","Kuphal","Female","51131088","1-382-293-","653 Tyrel Locks\
Sarahhaven, GA 03043"
"34","jbode@example.org","0","Sofia","Botsford","Female","14764980","1-290-118-","483 Marvin Hill Apt. 146\
North Althea, OH 86828-3434"
"35","ubecker@example.org","0","Flo","Blanda","Male","2690929","733-862-07","859 Bogisich Spur\
Lemkebury, NH 71460"
"36","imani.kovacek@example.com","9","Bailey","Greenholt","Female","87627269","0255694379","9549 Swift Isle\
Port Aidaborough, IN 60474"
"37","pullrich@example.org","810","Braeden","Stokes","Female","40225903","196.523.31","44057 Theron Lock\
Granttown, SD 85360"
"38","beer.nico@example.org","6","Brice","Daugherty","Male","50646119","196.564.75","82142 Dicki Crossing Apt. 972\
Predovicport, WI 64123-2176"
"40","aleen.krajcik@example.com","0","Guillermo","Steuber","Male","17315239","389.328.94","843 Holly Ridge Apt. 578\
South Jaquelinport, VT 85066-5093"
"41","clifton09@example.net","3","Cade","Turner","Female","1784308","(812)455-4","37895 Marian Expressway Suite 740\
West Darian, IA 39226-4755"
"42","lexie68@example.org","0","Ike","Stanton","Female","42222734","790.065.36","7124 Auer Lodge\
Nicolasbury, IL 62372"
"43","schiller.charley@example.com","2","Frances","Anderson","Male","57314090","(717)495-3","50733 Hegmann Ways Apt. 846\
Markston, MO 66542-9150"
"44","sherwood83@example.org","0","Jeff","Boyer","Female","53819142","177.067.24","75579 Claudie Mountains\
New Alyssonberg, VT 05466-8767"
"45","lubowitz.nicholaus@example.net","0","Golda","Robel","Female","89888752","0646512978","2789 Abagail Plaza Apt. 516\
South Leilanistad, RI 18112"
"48","myah.kozey@example.com","0","Winston","Barton","Male","99389357","(084)811-7","1910 Elfrieda Meadow\
Port Garnetside, NJ 42216"
"49","berry.rippin@example.org","21929","Dixie","Lindgren","Male","84129301","1-179-283-","324 Winona Rapids Apt. 912\
South Augustus, DE 44939"
"50","ladams@example.org","5","Enrico","Kilback","Female","22749053","1-507-614-","80021 Adolf Forges Apt. 893\
South Lesley, WI 67038"
"51","hammes.shea@example.org","6","Marina","Kertzmann","Female","90517744","0844436091","40569 Jacobs Highway\
North Elishatown, VA 04668"
"52","satterfield.martin@example.net","2147483647","Astrid","McGlynn","Male","1481216","+27(2)2001","95642 Annabell Throughway\
Volkmanborough, NE 47417"
"56","amely64@example.com","0","Einar","Thiel","Female","19433754","1-734-572-","05562 Ruecker Well Suite 284\
East Ariburgh, NH 21996"
"57","iosinski@example.net","8","Angelita","Fay","Female","40329256","163.445.47","9057 Casandra Hollow\
Blockhaven, TX 00092-1338"
"58","murphy.gleichner@example.net","0","Orion","McLaughlin","Female","30860394","528-848-81","0588 Lehner Glen\
Port Izabellaville, MD 72604-3277"
"63","friesen.drew@example.net","1","Aaliyah","Powlowski","Male","91368380","(347)296-0","80221 Wolf Club Apt. 219\
North Ayden, GA 38277"
"65","kaitlyn.o'conner@example.com","4","Libby","Pouros","Female","85938715","435.735.00","99252 Cicero Course Apt. 742\
Connfort, CT 84904-5851"
"69","meggie.quitzon@example.org","0","Malcolm","Wiegand","Female","25727106","(180)273-6","7045 Tillman Isle\
West Linniemouth, OR 57489"
"71","consuelo09@example.net","0","Tyrel","Runte","Male","2760457","684.530.06","834 Luettgen Estates Suite 597\
Mooreland, WV 86224-6428"
"73","klocko.asha@example.net","46","Everardo","Kuvalis","Female","59152354","819-451-96","947 Makenna Meadow Suite 266\
South Cadenton, DE 74040"
"74","brekke.herminio@example.net","0","Andrew","Franecki","Male","6824109","965.505.00","3380 Kunze Brook Suite 304\
Hodkiewicztown, UT 42004"
"80","xzboncak@example.net","0","Preston","Bergnaum","Female","40359877","1-059-029-","2337 Patience Trail\
Hermistonside, MD 34556-8929"
"81","vpfeffer@example.net","6","Karley","Zulauf","Female","14084120","336-673-29","3248 Anne Route\
Quigleyfort, TN 91783-1709"
"82","gibson.elvis@example.com","64","Christophe","Gutkowski","Male","14789656","829-465-18","8871 White Valley Suite 418\
Kodyfort, CT 06319"
"83","ssimonis@example.com","4402","Else","Ortiz","Male","3084117","1-013-705-","201 Lemke Rest Apt. 591\
North Quentin, TN 55847"
"84","olga46@example.net","0","Herman","Glover","Female","6217551","534-746-94","08371 Maximillia Forest\
Ornborough, ND 88907-1237"
"85","lonie.williamson@example.com","3","Jaquelin","Cormier","Female","4319728","545-750-83","2119 Velda Circles Suite 993\
Lake Milofort, NM 06394-7586"
"89","marley.mann@example.com","8","Alden","Kautzer","Male","81101680","(080)546-7","748 Boyle Shore\
Hectorshire, NE 69153-2545"
"91","julia32@example.org","0","Lavina","Larkin","Female","18068695","+01(7)2708","790 Avery Cliff\
Lake Alejandra, UT 73327-6466"
"92","altenwerth.tommie@example.net","2","Frieda","Mitchell","Male","50156000","(922)078-5","32917 Botsford Lodge Suite 716\
Delmermouth, UT 58922-1288"
"97","jacobi.bessie@example.net","152","Rhiannon","Tremblay","Female","7345525","(530)137-2","729 Armand Divide\
South Sunny, CO 94879-2450"
"101","sally87@example.org","550226","Clemmie","Cummings","Male","70079976","(795)006-5","5129 Paucek View Suite 783\
Lake Elsa, SC 29800"
"103","hilario.windler@example.net","0","Ryan","Abshire","Female","67798309","1-575-802-","5242 Rowland Forks Suite 311\
Bahringertown, WI 50889-8647"
"105","kenya.ziemann@example.net","0","Joshuah","Hartmann","Male","39570242","1-665-549-","9957 Alvina Ways\
Lake Ward, VT 02734-7230"
"106","wunsch.vance@example.org","20","Fredrick","Ritchie","Male","1048655","1-012-798-","411 Hamill Crossroad Apt. 693\
New Lisamouth, CA 78922-1294"
"107","freeda04@example.net","0","Ashton","Rosenbaum","Male","13337916","1-062-155-","790 Letitia Dam Apt. 813\
New Martymouth, VT 35965"
"111","arnulfo85@example.net","184","Wendell","McGlynn","Male","2715268","979.621.50","69379 Don Roads Apt. 046\
Port Barbaraberg, MO 64646"
"117","svon@example.com","734754554","Mertie","Effertz","Male","9659391","164.249.47","359 Gerlach Loop\
Port Buford, MS 86670-5810"
"119","eusebio72@example.org","543","Fannie","Ernser","Female","59815992","(488)776-5","053 Beulah Square\
Maggioberg, CT 80837"
"123","heidenreich.josefa@example.com","0","Anthony","Torphy","Female","9650152","088.271.37","16447 Kessler Flats\
North Kasandraland, NM 82469"
"124","elarkin@example.net","6","Bobbie","Daniel","Male","41090484","999-656-06","67656 Altenwerth Highway\
Bruenview, HI 47140-2668"
"126","sanford15@example.com","0","Alexandria","Cruickshank","Female","75242718","287-647-99","0854 Mathilde Highway Apt. 930\
North Laurymouth, KY 81355"
"129","cassandra39@example.net","0","Tiara","Hackett","Female","17576036","152-759-06","96859 Dickens Manor\
Ondrickastad, HI 19381"
"141","fadel.tyra@example.com","54","Romaine","Upton","Female","52330930","(306)657-8","9636 Boehm Ville\
Lubowitzberg, OK 50061"
"142","lullrich@example.com","32","Marcelino","Bartoletti","Male","97789242","(450)834-6","8728 Agustina Drive Suite 920\
West Annetta, LA 30371-2556"
"143","torrey71@example.com","0","Immanuel","Leuschke","Female","56817462","598.690.63","846 Guillermo Cliff\
West Elfrieda, NY 87915"
"145","lowe.vena@example.net","3","Olen","Turner","Male","82877431","0700240593","4812 Kenton Mills Suite 511\
Rodriguezborough, NY 53791-2201"
"146","arvid.schinner@example.org","3","Jayce","Becker","Female","38790639","0401891130","922 Fanny Highway\
Kundeshire, DE 57980"
"147","feeney.heloise@example.org","7","Kasandra","Romaguera","Male","82483064","0274594108","91529 Cristobal Forest\
Hilperttown, NC 97102-6164"
"150","daphney00@example.org","370","Allen","Hodkiewicz","Female","38079875","750.636.47","94739 Elissa Summit\
Preciousborough, AK 87808-9303"
"151","rswaniawski@example.com","488","Leland","Kerluke","Female","69317885","+81(1)3615","893 Hansen Well Apt. 079\
Port Melvinborough, DE 00064-5652"
"152","schaefer.phyllis@example.com","39","Noe","D'Amore","Female","83605426","(456)392-4","8986 Charlene Island Apt. 099\
Lake Nelda, NC 84073"
"153","emelie64@example.org","8","Marie","Cruickshank","Male","15422586","803-408-65","6542 Sawayn Neck\
West Andrew, FL 75900-8748"
"157","qhermiston@example.org","1091","Brandi","Lueilwitz","Female","7474759","0235339469","61144 Hoeger Orchard Suite 364\
Emoryberg, KS 77783"
"159","lhermiston@example.com","0","Raphael","Williamson","Female","88019330","(343)850-2","34816 Michel Route\
Arnaldohaven, WY 39831"
"161","brooke26@example.org","55","Reanna","Adams","Male","76825991","241.969.49","3493 Carrie Crossroad Apt. 277\
Port Mavisberg, GA 37731-6478"
"162","jfarrell@example.net","9","Ian","Shields","Male","36620508","0327977292","1856 Nolan Harbor\
South Frankiefort, ND 11957-0648"
"163","hgoyette@example.net","0","Remington","Blick","Female","59403572","794.557.23","8048 Lynch Fork\
Sawaynshire, RI 11269"
"165","rbaumbach@example.net","67","Vernice","Streich","Male","3139151","282.571.80","23732 Frederick Place\
Lake Michelleside, OH 47920"
"166","bmaggio@example.org","26","Stephania","O'Connell","Male","99322814","1-802-008-","919 Elyssa Roads Apt. 091\
North Lexie, MS 62227-6036"
"167","nyah93@example.org","0","Abdul","Daugherty","Male","17359108","(865)903-1","1477 Hadley Brooks Apt. 196\
Pollichville, IA 44187"
"168","dankunding@example.org","2147483647","Abdiel","Ondricka","Male","52252499","1-794-425-","97323 Kerluke Cove Apt. 831\
New Barton, FL 01525-4299"
"169","jast.duncan@example.org","2","Ericka","Johnston","Male","34404655","1-916-732-","56110 Rafael Pines\
Larkinshire, ID 08237-5892"
"170","milton.kessler@example.org","7","Louisa","Gleason","Female","44477154","(414)623-1","20866 Powlowski Station\
West Alyshaport, NE 24817-5069"
"171","mazie76@example.org","0","Grady","Johnston","Female","12135055","1-014-794-","5586 Rohan Springs\
Bergstrommouth, CT 47038-4888"
"172","eliza80@example.org","0","Peter","Homenick","Male","3119779","1-027-103-","697 Klein Skyway\
Neilfurt, IA 89018-4271"
"176","toy.dean@example.net","6","Darrel","Runolfsson","Male","80420069","583-474-48","79042 Zemlak Burg Suite 419\
Lake Christianahaven, WI 40622-8653"
"177","jesus74@example.net","0","Ubaldo","Marks","Female","92161045","452.238.88","6937 Okey Forges\
Whiteville, OH 43165-5919"
"179","jacklyn07@example.org","0","Murl","Ankunding","Male","11820236","1-001-811-","245 Leffler Radial Apt. 443\
Nettietown, NV 66647-6395"
"180","doyle.tyrese@example.org","0","Mallie","O'Conner","Male","28130179","0115069949","405 Goldner Walks Suite 119\
North Lottieland, IL 81069"
"181","max21@example.org","9","Caleb","Berge","Female","23377328","1-553-252-","5154 Aliza Lights\
Dangeloborough, UT 14559"
"182","volkman.glen@example.net","49","Oda","Ruecker","Female","12753264","386.790.69","79993 O'Kon Divide Suite 763\
Beattyfurt, MN 82333"
"184","ajenkins@example.org","83","Jacynthe","Feil","Male","51538441","+03(0)5461","736 Grant Forge Suite 319\
Mafaldaview, NH 07450-4608"
"185","ebarton@example.net","8","Catalina","Deckow","Male","69565096","142-749-63","97633 Bins Street Suite 425\
New Tiffany, WI 60749"
"186","jaylan13@example.com","65","Murray","Metz","Male","67536532","373.104.83","51328 Collin Underpass Apt. 976\
West Kendra, DE 92651-2243"
"188","toni.pfannerstill@example.net","0","Gabriella","Lueilwitz","Female","35345224","1-011-092-","06217 Mayert Track Apt. 927\
Lake Esperanzaville, VA 25313-8892"
"189","jaylan05@example.org","2147483647","Imogene","Bashirian","Male","36939315","(664)539-7","914 Era Cove Suite 134\
South Daisyfort, WV 34666-1009"
"192","luna37@example.com","0","London","Cruickshank","Female","57796921","958.116.02","299 Javonte Oval Suite 317\
Port Emie, MD 05244"
"196","daltenwerth@example.org","1054","Larue","Marquardt","Female","15343296","615.735.30","900 Stephany Trace\
New Lunafurt, MI 10229"
"197","boyd.boyle@example.org","99482","Ivah","Eichmann","Female","57714275","1-551-440-","1202 Roslyn Field Apt. 264\
Mooreland, NV 85875-0413"
"4","martine99@example.net","6","Jewell","Hansen","Male","15679802","122.934.52","4988 Ayla Trafficway Apt. 369\
East Chesleyside, CO 69529-0605"
"7","kirlin.filomena@example.com","0","Lester","Weber","Male","77813465","(427)170-4","018 Eichmann Drive Apt. 293\
New Coralieborough, IN 81711"
"9","bcartwright@example.org","0","Martina","Kulas","Female","19771612","0287424329","13764 Hoeger Mountains\
North Hunterburgh, TN 80107"
"14","ischiller@example.net","2196","Anais","Miller","Female","72864926","208.793.91","165 Brooks Mount\
Erichshire, NJ 95437"
"19","noel.morissette@example.org","4","Arjun","Murphy","Female","72056179","(954)952-7","97203 Rippin Pass Suite 138\
Jaidabury, IN 57120-8823"
"23","ova96@example.net","0","Micaela","Schroeder","Male","53006904","113-568-82","7955 Drake Plaza Apt. 098\
South Kristian, DC 10590-1671"
"24","kemard@example.org","9","Christop","Heaney","Male","4658676","975.923.06","578 Farrell Mission Apt. 563\
Douglasmouth, OK 85265"
"26","cristina34@example.org","6","Steve","Kiehn","Female","19190734","1-605-274-","991 Ellsworth Trace Suite 684\
West Ryanton, MD 21703"
"30","cschinner@example.com","6","Leta","Schaefer","Female","78447320","811-302-26","8086 Tracey Ville\
Port Levifort, TX 02396"
"31","eileen.stanton@example.net","785","Jewel","Kuphal","Female","51131088","1-382-293-","653 Tyrel Locks\
Sarahhaven, GA 03043"
"33","kwelch@example.org","43","Mya","Raynor","Female","79778313","+50(0)4353","51826 Thiel Pine\
Turcotteville, VT 43395-5922"
"35","ubecker@example.org","0","Flo","Blanda","Male","2690929","733-862-07","859 Bogisich Spur\
Lemkebury, NH 71460"
"36","imani.kovacek@example.com","9","Bailey","Greenholt","Female","87627269","0255694379","9549 Swift Isle\
Port Aidaborough, IN 60474"
"37","pullrich@example.org","810","Braeden","Stokes","Female","40225903","196.523.31","44057 Theron Lock\
Granttown, SD 85360"
"38","beer.nico@example.org","6","Brice","Daugherty","Male","50646119","196.564.75","82142 Dicki Crossing Apt. 972\
Predovicport, WI 64123-2176"
"40","aleen.krajcik@example.com","0","Guillermo","Steuber","Male","17315239","389.328.94","843 Holly Ridge Apt. 578\
South Jaquelinport, VT 85066-5093"
"42","lexie68@example.org","0","Ike","Stanton","Female","42222734","790.065.36","7124 Auer Lodge\
Nicolasbury, IL 62372"
"46","alvis07@example.net","0","Marley","O'Keefe","Female","10952806","(681)078-8","0693 Edmond Bypass\
Timmothyhaven, AZ 81182"
"51","hammes.shea@example.org","6","Marina","Kertzmann","Female","90517744","0844436091","40569 Jacobs Highway\
North Elishatown, VA 04668"
"52","satterfield.martin@example.net","2147483647","Astrid","McGlynn","Male","1481216","+27(2)2001","95642 Annabell Throughway\
Volkmanborough, NE 47417"
"53","dare.theron@example.net","4","Trycia","Mills","Female","40493327","1-969-961-","117 O'Conner Summit\
New Raphael, NM 95089-7279"
"55","gertrude65@example.org","0","Josefina","Kessler","Male","52098552","242.727.92","29780 Dean Via Suite 911\
Wandabury, AZ 83712"
"58","murphy.gleichner@example.net","0","Orion","McLaughlin","Female","30860394","528-848-81","0588 Lehner Glen\
Port Izabellaville, MD 72604-3277"
"61","o'kon.franz@example.com","8","Josefina","Zemlak","Male","69925245","568.807.50","31116 Fisher Isle Suite 235\
New Marjoryburgh, IN 88373"
"64","simonis.justen@example.net","0","Alia","Cronin","Male","78108870","+48(7)0372","18293 Bednar Turnpike\
Opheliafurt, NV 52879"
"65","kaitlyn.o'conner@example.com","4","Libby","Pouros","Female","85938715","435.735.00","99252 Cicero Course Apt. 742\
Connfort, CT 84904-5851"
"67","cronin.hassan@example.com","4517","Judy","Kertzmann","Male","96825796","(686)207-7","519 Lang Hills Apt. 222\
Orphaview, WV 43163"
"68","katharina11@example.org","5","Khalil","Hettinger","Male","74174686","0512646087","374 Hackett Bridge\
Jarrellview, OR 05309"
"70","davonte.hahn@example.com","7","Easton","Spencer","Male","59963901","893-862-49","724 Emmet Centers\
New Hoseaview, TN 57861-8993"
"72","jaskolski.candelario@example.com","9","Otilia","Windler","Male","15609860","1-464-604-","37008 Walter Islands\
Constancefurt, ND 32635-3807"
"73","klocko.asha@example.net","46","Everardo","Kuvalis","Female","59152354","819-451-96","947 Makenna Meadow Suite 266\
South Cadenton, DE 74040"
"74","brekke.herminio@example.net","0","Andrew","Franecki","Male","6824109","965.505.00","3380 Kunze Brook Suite 304\
Hodkiewicztown, UT 42004"
"81","vpfeffer@example.net","6","Karley","Zulauf","Female","14084120","336-673-29","3248 Anne Route\
Quigleyfort, TN 91783-1709"
"84","olga46@example.net","0","Herman","Glover","Female","6217551","534-746-94","08371 Maximillia Forest\
Ornborough, ND 88907-1237"
"86","kohler.jaylon@example.net","8718001","Stephan","Johnston","Male","43408435","(016)855-8","8561 Royal Radial Suite 722\
Graycehaven, NH 68924"
"92","altenwerth.tommie@example.net","2","Frieda","Mitchell","Male","50156000","(922)078-5","32917 Botsford Lodge Suite 716\
Delmermouth, UT 58922-1288"
"94","oblick@example.net","530","Ayla","Pacocha","Female","68531170","(025)524-7","1691 Ocie Squares Apt. 343\
South Giovanni, DC 75539"
"95","pollich.trycia@example.org","7","Kristian","Huels","Male","59572801","1-707-146-","88577 Lehner Divide Suite 694\
New Isaiahport, ND 75947-0419"
"97","jacobi.bessie@example.net","152","Rhiannon","Tremblay","Female","7345525","(530)137-2","729 Armand Divide\
South Sunny, CO 94879-2450"
"98","leonora75@example.net","48","Tara","Weber","Female","12889443","1-084-632-","31047 Shanon Mount\
Paucekshire, OH 06362-4336"
"99","irodriguez@example.org","0","Brandy","Rutherford","Female","72606272","989.701.52","6368 Koelpin Neck\
Gennaromouth, UT 32132"
"103","hilario.windler@example.net","0","Ryan","Abshire","Female","67798309","1-575-802-","5242 Rowland Forks Suite 311\
Bahringertown, WI 50889-8647"
"106","wunsch.vance@example.org","20","Fredrick","Ritchie","Male","1048655","1-012-798-","411 Hamill Crossroad Apt. 693\
New Lisamouth, CA 78922-1294"
"108","madeline90@example.org","54","Ally","Osinski","Male","32823826","+28(9)1900","32688 Streich Plaza\
Doloresfort, TN 51472"
"109","mertz.stefanie@example.net","0","Jack","O'Keefe","Female","54778453","143.005.85","52926 Hegmann Ports\
West Tomasastad, NJ 57012-2643"
"111","arnulfo85@example.net","184","Wendell","McGlynn","Male","2715268","979.621.50","69379 Don Roads Apt. 046\
Port Barbaraberg, MO 64646"
"114","trey.fadel@example.com","1","Jazlyn","Weissnat","Male","20658152","663-980-82","59571 Demetrius Circle Apt. 493\
Queeniemouth, AL 51287"
"115","jarret03@example.org","392","Evalyn","Kunde","Female","66829786","1-976-262-","19922 Angel Fort Suite 336\
Spencerfort, AR 37114"
"117","svon@example.com","734754554","Mertie","Effertz","Male","9659391","164.249.47","359 Gerlach Loop\
Port Buford, MS 86670-5810"
"118","hugh87@example.net","5","Nannie","Pollich","Male","18524901","166.379.53","9937 Adelia Alley Apt. 244\
Port Camilletown, CT 72690"
"119","eusebio72@example.org","543","Fannie","Ernser","Female","59815992","(488)776-5","053 Beulah Square\
Maggioberg, CT 80837"
"123","heidenreich.josefa@example.com","0","Anthony","Torphy","Female","9650152","088.271.37","16447 Kessler Flats\
North Kasandraland, NM 82469"
"124","elarkin@example.net","6","Bobbie","Daniel","Male","41090484","999-656-06","67656 Altenwerth Highway\
Bruenview, HI 47140-2668"
"125","hassan69@example.org","8","Alicia","Adams","Male","86906870","1-895-400-","82605 Donnelly Centers\
Rodriguezport, NY 19325"
"126","sanford15@example.com","0","Alexandria","Cruickshank","Female","75242718","287-647-99","0854 Mathilde Highway Apt. 930\
North Laurymouth, KY 81355"
"128","bayer.tierra@example.org","0","Lawson","Bailey","Female","98749921","145.434.23","901 Daugherty Dale Suite 821\
Charleyberg, VA 09092"
"129","cassandra39@example.net","0","Tiara","Hackett","Female","17576036","152-759-06","96859 Dickens Manor\
Ondrickastad, HI 19381"
"130","aracely.bartoletti@example.net","0","Lilly","Kiehn","Male","25247115","233-364-58","51187 Morar Mountain Suite 784\
Dickinsonfort, DC 72069"
"131","marlen.stracke@example.org","0","Kaylah","D'Amore","Male","59258538","947-656-10","73948 Osinski Club Apt. 329\
Flatleyfurt, NH 16704"
"136","sauer.manley@example.net","82409","Josh","Trantow","Female","60551003","(530)301-7","956 Nienow Meadow Suite 654\
Murraymouth, TX 03592-2184"
"142","lullrich@example.com","32","Marcelino","Bartoletti","Male","97789242","(450)834-6","8728 Agustina Drive Suite 920\
West Annetta, LA 30371-2556"
"143","torrey71@example.com","0","Immanuel","Leuschke","Female","56817462","598.690.63","846 Guillermo Cliff\
West Elfrieda, NY 87915"
"147","feeney.heloise@example.org","7","Kasandra","Romaguera","Male","82483064","0274594108","91529 Cristobal Forest\
Hilperttown, NC 97102-6164"
"148","smitham.savanna@example.net","672","Melba","Leffler","Male","50350707","(282)762-2","0511 Weissnat Street Apt. 744\
East Bradley, TN 10667"
"150","daphney00@example.org","370","Allen","Hodkiewicz","Female","38079875","750.636.47","94739 Elissa Summit\
Preciousborough, AK 87808-9303"
"153","emelie64@example.org","8","Marie","Cruickshank","Male","15422586","803-408-65","6542 Sawayn Neck\
West Andrew, FL 75900-8748"
"155","giovani46@example.org","7","Jaylin","Mann","Female","43474341","0358588120","153 Haley Summit\
Mckaylachester, KS 59752-4450"
"158","avis41@example.org","0","Annalise","Rau","Female","15002145","(446)636-4","3924 Skiles Wall Apt. 613\
North Keenan, NC 11864"
"159","lhermiston@example.com","0","Raphael","Williamson","Female","88019330","(343)850-2","34816 Michel Route\
Arnaldohaven, WY 39831"
"162","jfarrell@example.net","9","Ian","Shields","Male","36620508","0327977292","1856 Nolan Harbor\
South Frankiefort, ND 11957-0648"
"164","stanton.berta@example.net","6","Kenneth","Mayer","Female","62776479","0067080624","160 Madisen Knoll Suite 419\
Meghanville, NY 19282"
"165","rbaumbach@example.net","67","Vernice","Streich","Male","3139151","282.571.80","23732 Frederick Place\
Lake Michelleside, OH 47920"
"166","bmaggio@example.org","26","Stephania","O'Connell","Male","99322814","1-802-008-","919 Elyssa Roads Apt. 091\
North Lexie, MS 62227-6036"
"168","dankunding@example.org","2147483647","Abdiel","Ondricka","Male","52252499","1-794-425-","97323 Kerluke Cove Apt. 831\
New Barton, FL 01525-4299"
"169","jast.duncan@example.org","2","Ericka","Johnston","Male","34404655","1-916-732-","56110 Rafael Pines\
Larkinshire, ID 08237-5892"
"171","mazie76@example.org","0","Grady","Johnston","Female","12135055","1-014-794-","5586 Rohan Springs\
Bergstrommouth, CT 47038-4888"
"172","eliza80@example.org","0","Peter","Homenick","Male","3119779","1-027-103-","697 Klein Skyway\
Neilfurt, IA 89018-4271"
"173","fbarrows@example.com","33","Casper","Connelly","Female","13537068","+94(7)3910","8168 Murray Mountain Suite 010\
West Everardo, CO 82156"
"174","pollich.chloe@example.org","0","Kevon","Keeling","Male","56673000","303-988-25","75439 Schaden Hill\
Wuckertbury, GA 51023-1748"
"176","toy.dean@example.net","6","Darrel","Runolfsson","Male","80420069","583-474-48","79042 Zemlak Burg Suite 419\
Lake Christianahaven, WI 40622-8653"
"177","jesus74@example.net","0","Ubaldo","Marks","Female","92161045","452.238.88","6937 Okey Forges\
Whiteville, OH 43165-5919"
"179","jacklyn07@example.org","0","Murl","Ankunding","Male","11820236","1-001-811-","245 Leffler Radial Apt. 443\
Nettietown, NV 66647-6395"
"180","doyle.tyrese@example.org","0","Mallie","O'Conner","Male","28130179","0115069949","405 Goldner Walks Suite 119\
North Lottieland, IL 81069"
"181","max21@example.org","9","Caleb","Berge","Female","23377328","1-553-252-","5154 Aliza Lights\
Dangeloborough, UT 14559"
"186","jaylan13@example.com","65","Murray","Metz","Male","67536532","373.104.83","51328 Collin Underpass Apt. 976\
West Kendra, DE 92651-2243"
"188","toni.pfannerstill@example.net","0","Gabriella","Lueilwitz","Female","35345224","1-011-092-","06217 Mayert Track Apt. 927\
Lake Esperanzaville, VA 25313-8892"
"191","othompson@example.net","7","Madie","Gerhold","Male","31412778","+12(6)2243","6917 Alexane Throughway Suite 908\
New Caseyside, MO 01557-9080"
"194","angela94@example.org","0","Amely","Watsica","Male","61315801","0109693401","5315 Virginie Square\
South Janickport, KY 87936-3071"
"199","romaguera.angelina@example.net","386","Jamal","Nicolas","Female","32539877","1-748-948-","5956 Breanne Overpass Suite 993\
Williamsonberg, AZ 77002"
"1","ryder92@example.net","0","Drew","Mohr","Male","63539329","213.971.23","35674 Kacie Circles\
Joneschester, NJ 01813"
"8","zstanton@example.org","7738","Nils","Veum","Male","79362391","781.785.35","58201 Gulgowski Loop Suite 867\
Zboncakport, WI 34658-2903"
"9","bcartwright@example.org","0","Martina","Kulas","Female","19771612","0287424329","13764 Hoeger Mountains\
North Hunterburgh, TN 80107"
"10","kaylee.senger@example.com","9","Elinor","Zieme","Male","92786907","+76(3)2849","02958 Halvorson Burg\
Domenickview, MS 54329-3885"
"11","gino.denesik@example.org","0","Althea","Brekke","Male","61461533","(382)061-2","04071 Gislason Mews Apt. 148\
Kareemburgh, ID 90765-1758"
"12","ktowne@example.net","0","Vince","Hegmann","Female","15235125","0691872152","01239 Wehner Causeway Apt. 207\
East Gaetano, VA 49131-9194"
"15","cecilia.mann@example.org","364","Alta","Moen","Male","79817002","(259)223-3","50577 Heber Loaf\
South Ethanberg, ME 63004"
"16","considine.citlalli@example.net","0","Myrtie","Sporer","Male","39903196","+29(9)5112","308 King Ford\
West Haroldbury, CO 86069"
"19","noel.morissette@example.org","4","Arjun","Murphy","Female","72056179","(954)952-7","97203 Rippin Pass Suite 138\
Jaidabury, IN 57120-8823"
"21","beer.maryse@example.com","51688","Percy","Weimann","Male","19015827","1-303-171-","183 Mertz Plaza\
West Ken, TN 65087-9623"
"23","ova96@example.net","0","Micaela","Schroeder","Male","53006904","113-568-82","7955 Drake Plaza Apt. 098\
South Kristian, DC 10590-1671"
"25","michaela02@example.org","0","Leanne","Kovacek","Male","28940697","820-645-93","797 Beth Mount\
Gennarostad, MN 51634"
"27","gutkowski.hazel@example.org","0","Kelsi","Goodwin","Female","60378390","1-906-014-","92478 Schimmel Squares Apt. 399\
Ofeliaview, IL 76196-3044"
"29","marguerite70@example.net","2","Esther","Heidenreich","Female","13837515","122.184.79","074 Kianna Station Apt. 726\
West Omari, DE 00778"
"31","eileen.stanton@example.net","785","Jewel","Kuphal","Female","51131088","1-382-293-","653 Tyrel Locks\
Sarahhaven, GA 03043"
"32","smith.christelle@example.net","0","Claud","Walker","Female","59109965","(691)340-8","269 Herta Motorway\
Spinkaville, OK 01639-5684"
"35","ubecker@example.org","0","Flo","Blanda","Male","2690929","733-862-07","859 Bogisich Spur\
Lemkebury, NH 71460"
"36","imani.kovacek@example.com","9","Bailey","Greenholt","Female","87627269","0255694379","9549 Swift Isle\
Port Aidaborough, IN 60474"
"38","beer.nico@example.org","6","Brice","Daugherty","Male","50646119","196.564.75","82142 Dicki Crossing Apt. 972\
Predovicport, WI 64123-2176"
"39","ludie.reynolds@example.net","311","Agustin","Botsford","Female","57363361","(135)308-1","1476 Wellington Lane Suite 208\
Kathlynfort, AZ 42151"
"40","aleen.krajcik@example.com","0","Guillermo","Steuber","Male","17315239","389.328.94","843 Holly Ridge Apt. 578\
South Jaquelinport, VT 85066-5093"
"41","clifton09@example.net","3","Cade","Turner","Female","1784308","(812)455-4","37895 Marian Expressway Suite 740\
West Darian, IA 39226-4755"
"42","lexie68@example.org","0","Ike","Stanton","Female","42222734","790.065.36","7124 Auer Lodge\
Nicolasbury, IL 62372"
"43","schiller.charley@example.com","2","Frances","Anderson","Male","57314090","(717)495-3","50733 Hegmann Ways Apt. 846\
Markston, MO 66542-9150"
"50","ladams@example.org","5","Enrico","Kilback","Female","22749053","1-507-614-","80021 Adolf Forges Apt. 893\
South Lesley, WI 67038"
"52","satterfield.martin@example.net","2147483647","Astrid","McGlynn","Male","1481216","+27(2)2001","95642 Annabell Throughway\
Volkmanborough, NE 47417"
"54","casimer.mills@example.net","5183","Meta","Brown","Male","81561122","541.533.17","4603 Vickie Keys Apt. 384\
West Theresia, ID 48909-5911"
"56","amely64@example.com","0","Einar","Thiel","Female","19433754","1-734-572-","05562 Ruecker Well Suite 284\
East Ariburgh, NH 21996"
"57","iosinski@example.net","8","Angelita","Fay","Female","40329256","163.445.47","9057 Casandra Hollow\
Blockhaven, TX 00092-1338"
"58","murphy.gleichner@example.net","0","Orion","McLaughlin","Female","30860394","528-848-81","0588 Lehner Glen\
Port Izabellaville, MD 72604-3277"
"63","friesen.drew@example.net","1","Aaliyah","Powlowski","Male","91368380","(347)296-0","80221 Wolf Club Apt. 219\
North Ayden, GA 38277"
"67","cronin.hassan@example.com","4517","Judy","Kertzmann","Male","96825796","(686)207-7","519 Lang Hills Apt. 222\
Orphaview, WV 43163"
"68","katharina11@example.org","5","Khalil","Hettinger","Male","74174686","0512646087","374 Hackett Bridge\
Jarrellview, OR 05309"
"72","jaskolski.candelario@example.com","9","Otilia","Windler","Male","15609860","1-464-604-","37008 Walter Islands\
Constancefurt, ND 32635-3807"
"73","klocko.asha@example.net","46","Everardo","Kuvalis","Female","59152354","819-451-96","947 Makenna Meadow Suite 266\
South Cadenton, DE 74040"
"74","brekke.herminio@example.net","0","Andrew","Franecki","Male","6824109","965.505.00","3380 Kunze Brook Suite 304\
Hodkiewicztown, UT 42004"
"75","mann.aliya@example.net","5","Virgie","Deckow","Male","15538733","145.271.21","44303 Kessler Vista\
Leonorafurt, NC 45756"
"77","aiyana.bailey@example.org","0","Elbert","Schultz","Male","26934404","086-582-59","47926 O'Kon Forges\
Gorczanyshire, ND 91583"
"81","vpfeffer@example.net","6","Karley","Zulauf","Female","14084120","336-673-29","3248 Anne Route\
Quigleyfort, TN 91783-1709"
"85","lonie.williamson@example.com","3","Jaquelin","Cormier","Female","4319728","545-750-83","2119 Velda Circles Suite 993\
Lake Milofort, NM 06394-7586"
"87","nhessel@example.net","61190","Rey","Zboncak","Female","61710695","962.556.58","022 Brice Parkway\
Schmidtfort, NE 67481"
"88","wolf.icie@example.net","69","Adriel","Kub","Female","8783940","1-090-407-","9711 Rau Manor Suite 946\
West Harleyton, SC 21116"
"89","marley.mann@example.com","8","Alden","Kautzer","Male","81101680","(080)546-7","748 Boyle Shore\
Hectorshire, NE 69153-2545"
"91","julia32@example.org","0","Lavina","Larkin","Female","18068695","+01(7)2708","790 Avery Cliff\
Lake Alejandra, UT 73327-6466"
"97","jacobi.bessie@example.net","152","Rhiannon","Tremblay","Female","7345525","(530)137-2","729 Armand Divide\
South Sunny, CO 94879-2450"
"99","irodriguez@example.org","0","Brandy","Rutherford","Female","72606272","989.701.52","6368 Koelpin Neck\
Gennaromouth, UT 32132"
"102","jerde.zechariah@example.org","82331","Larue","Tromp","Male","28385119","074-901-57","32233 Pearlie Pike Apt. 295\
Vadatown, CO 83204"
"104","imitchell@example.net","22","Loraine","Gutkowski","Male","1105939","699-127-92","031 Cordie Stravenue Suite 576\
Port Elissahaven, VT 13124-0485"
"106","wunsch.vance@example.org","20","Fredrick","Ritchie","Male","1048655","1-012-798-","411 Hamill Crossroad Apt. 693\
New Lisamouth, CA 78922-1294"
"107","freeda04@example.net","0","Ashton","Rosenbaum","Male","13337916","1-062-155-","790 Letitia Dam Apt. 813\
New Martymouth, VT 35965"
"108","madeline90@example.org","54","Ally","Osinski","Male","32823826","+28(9)1900","32688 Streich Plaza\
Doloresfort, TN 51472"
"109","mertz.stefanie@example.net","0","Jack","O'Keefe","Female","54778453","143.005.85","52926 Hegmann Ports\
West Tomasastad, NJ 57012-2643"
"110","gsmitham@example.org","0","Boris","Oberbrunner","Male","84384640","(409)921-8","4247 Berge Ramp Apt. 107\
Whiteburgh, WI 65214"
"111","arnulfo85@example.net","184","Wendell","McGlynn","Male","2715268","979.621.50","69379 Don Roads Apt. 046\
Port Barbaraberg, MO 64646"
"115","jarret03@example.org","392","Evalyn","Kunde","Female","66829786","1-976-262-","19922 Angel Fort Suite 336\
Spencerfort, AR 37114"
"117","svon@example.com","734754554","Mertie","Effertz","Male","9659391","164.249.47","359 Gerlach Loop\
Port Buford, MS 86670-5810"
"118","hugh87@example.net","5","Nannie","Pollich","Male","18524901","166.379.53","9937 Adelia Alley Apt. 244\
Port Camilletown, CT 72690"
"120","cierra.abernathy@example.org","0","Hailey","Koepp","Male","58222617","1-412-416-","031 Kurt Freeway\
Treutelchester, OK 42917"
"121","vfeil@example.net","238","Bo","Ziemann","Female","81417541","543-880-30","75822 Angelina Orchard Apt. 029\
Hankstad, WV 63116-1856"
"122","ztreutel@example.org","8","Dwight","Torphy","Male","36463041","1-639-848-","44970 Joanie Cliff Apt. 252\
Bruenview, ME 71468-3772"
"123","heidenreich.josefa@example.com","0","Anthony","Torphy","Female","9650152","088.271.37","16447 Kessler Flats\
North Kasandraland, NM 82469"
"126","sanford15@example.com","0","Alexandria","Cruickshank","Female","75242718","287-647-99","0854 Mathilde Highway Apt. 930\
North Laurymouth, KY 81355"
"128","bayer.tierra@example.org","0","Lawson","Bailey","Female","98749921","145.434.23","901 Daugherty Dale Suite 821\
Charleyberg, VA 09092"
"129","cassandra39@example.net","0","Tiara","Hackett","Female","17576036","152-759-06","96859 Dickens Manor\
Ondrickastad, HI 19381"
"133","juliana.kiehn@example.com","5","Danyka","Yundt","Female","62263947","(720)581-9","38470 Wiza Inlet\
West Crawford, ID 70952"
"134","raymundo03@example.net","336","Brody","Walsh","Male","73310728","1-752-894-","846 Kiley Landing Suite 013\
North Lauriane, MD 94627"
"135","nfeeney@example.net","0","Kathleen","McDermott","Female","26085323","0172749597","766 Predovic Loaf\
Turnerberg, FL 04284"
"139","qkoss@example.org","845","Carrie","McGlynn","Male","12267921","372.969.49","79339 Cummings Spurs Apt. 863\
Gonzaloville, MA 76016-2655"
"140","wisoky.emmet@example.net","69924","Lawrence","Wilkinson","Male","76036934","1-963-553-","33204 Vicenta Ways Apt. 722\
Port Ransom, DC 97770"
"141","fadel.tyra@example.com","54","Romaine","Upton","Female","52330930","(306)657-8","9636 Boehm Ville\
Lubowitzberg, OK 50061"
"142","lullrich@example.com","32","Marcelino","Bartoletti","Male","97789242","(450)834-6","8728 Agustina Drive Suite 920\
West Annetta, LA 30371-2556"
"145","lowe.vena@example.net","3","Olen","Turner","Male","82877431","0700240593","4812 Kenton Mills Suite 511\
Rodriguezborough, NY 53791-2201"
"147","feeney.heloise@example.org","7","Kasandra","Romaguera","Male","82483064","0274594108","91529 Cristobal Forest\
Hilperttown, NC 97102-6164"
"149","frank81@example.net","34915","Lenna","Feeney","Female","15071909","1-476-872-","20070 Hansen Corner\
Margefurt, MI 75411-7280"
"151","rswaniawski@example.com","488","Leland","Kerluke","Female","69317885","+81(1)3615","893 Hansen Well Apt. 079\
Port Melvinborough, DE 00064-5652"
"153","emelie64@example.org","8","Marie","Cruickshank","Male","15422586","803-408-65","6542 Sawayn Neck\
West Andrew, FL 75900-8748"
"161","brooke26@example.org","55","Reanna","Adams","Male","76825991","241.969.49","3493 Carrie Crossroad Apt. 277\
Port Mavisberg, GA 37731-6478"
"162","jfarrell@example.net","9","Ian","Shields","Male","36620508","0327977292","1856 Nolan Harbor\
South Frankiefort, ND 11957-0648"
"163","hgoyette@example.net","0","Remington","Blick","Female","59403572","794.557.23","8048 Lynch Fork\
Sawaynshire, RI 11269"
"164","stanton.berta@example.net","6","Kenneth","Mayer","Female","62776479","0067080624","160 Madisen Knoll Suite 419\
Meghanville, NY 19282"
"165","rbaumbach@example.net","67","Vernice","Streich","Male","3139151","282.571.80","23732 Frederick Place\
Lake Michelleside, OH 47920"
"166","bmaggio@example.org","26","Stephania","O'Connell","Male","99322814","1-802-008-","919 Elyssa Roads Apt. 091\
North Lexie, MS 62227-6036"
"169","jast.duncan@example.org","2","Ericka","Johnston","Male","34404655","1-916-732-","56110 Rafael Pines\
Larkinshire, ID 08237-5892"
"170","milton.kessler@example.org","7","Louisa","Gleason","Female","44477154","(414)623-1","20866 Powlowski Station\
West Alyshaport, NE 24817-5069"
"172","eliza80@example.org","0","Peter","Homenick","Male","3119779","1-027-103-","697 Klein Skyway\
Neilfurt, IA 89018-4271"
"173","fbarrows@example.com","33","Casper","Connelly","Female","13537068","+94(7)3910","8168 Murray Mountain Suite 010\
West Everardo, CO 82156"
"177","jesus74@example.net","0","Ubaldo","Marks","Female","92161045","452.238.88","6937 Okey Forges\
Whiteville, OH 43165-5919"
"179","jacklyn07@example.org","0","Murl","Ankunding","Male","11820236","1-001-811-","245 Leffler Radial Apt. 443\
Nettietown, NV 66647-6395"
"180","doyle.tyrese@example.org","0","Mallie","O'Conner","Male","28130179","0115069949","405 Goldner Walks Suite 119\
North Lottieland, IL 81069"
"182","volkman.glen@example.net","49","Oda","Ruecker","Female","12753264","386.790.69","79993 O'Kon Divide Suite 763\
Beattyfurt, MN 82333"
"184","ajenkins@example.org","83","Jacynthe","Feil","Male","51538441","+03(0)5461","736 Grant Forge Suite 319\
Mafaldaview, NH 07450-4608"
"185","ebarton@example.net","8","Catalina","Deckow","Male","69565096","142-749-63","97633 Bins Street Suite 425\
New Tiffany, WI 60749"
"186","jaylan13@example.com","65","Murray","Metz","Male","67536532","373.104.83","51328 Collin Underpass Apt. 976\
West Kendra, DE 92651-2243"
"191","othompson@example.net","7","Madie","Gerhold","Male","31412778","+12(6)2243","6917 Alexane Throughway Suite 908\
New Caseyside, MO 01557-9080"
"194","angela94@example.org","0","Amely","Watsica","Male","61315801","0109693401","5315 Virginie Square\
South Janickport, KY 87936-3071"
"196","daltenwerth@example.org","1054","Larue","Marquardt","Female","15343296","615.735.30","900 Stephany Trace\
New Lunafurt, MI 10229"
"198","elmo51@example.org","0","Marie","Adams","Female","75912965","(923)272-6","75618 Rory Tunnel\
Jonesmouth, VT 24470"
"1","ryder92@example.net","0","Drew","Mohr","Male","63539329","213.971.23","35674 Kacie Circles\
Joneschester, NJ 01813"
"3","cummings.gwendolyn@example.com","81","Audra","Hickle","Female","48449120","(914)352-9","18248 Russel Unions Suite 025\
Aurelioburgh, WA 95245"
"4","martine99@example.net","6","Jewell","Hansen","Male","15679802","122.934.52","4988 Ayla Trafficway Apt. 369\
East Chesleyside, CO 69529-0605"
"5","camden.bruen@example.org","0","Amalia","Koepp","Male","27299557","1-921-053-","506 Eric Lakes Suite 856\
East Josianne, OH 40907"
"6","louisa.braun@example.com","0","Korey","Hessel","Male","39929184","865.218.08","422 Peggie Branch\
Vernaberg, VT 63550-5636"
"8","zstanton@example.org","7738","Nils","Veum","Male","79362391","781.785.35","58201 Gulgowski Loop Suite 867\
Zboncakport, WI 34658-2903"
"9","bcartwright@example.org","0","Martina","Kulas","Female","19771612","0287424329","13764 Hoeger Mountains\
North Hunterburgh, TN 80107"
"10","kaylee.senger@example.com","9","Elinor","Zieme","Male","92786907","+76(3)2849","02958 Halvorson Burg\
Domenickview, MS 54329-3885"
"11","gino.denesik@example.org","0","Althea","Brekke","Male","61461533","(382)061-2","04071 Gislason Mews Apt. 148\
Kareemburgh, ID 90765-1758"
"12","ktowne@example.net","0","Vince","Hegmann","Female","15235125","0691872152","01239 Wehner Causeway Apt. 207\
East Gaetano, VA 49131-9194"
"13","jarrett28@example.net","0","Justen","Kunze","Female","406689","489-476-97","9132 Celestino Causeway Suite 584\
Deannaview, NE 69623-9797"
"15","cecilia.mann@example.org","364","Alta","Moen","Male","79817002","(259)223-3","50577 Heber Loaf\
South Ethanberg, ME 63004"
"18","abshire.caroline@example.org","78439","Coby","Crist","Female","92456249","824.193.82","5174 Fay Field Apt. 089\
Eleonoreview, DC 54132-3004"
"20","cielo10@example.net","0","Mandy","Yost","Female","30259820","+91(0)5954","851 Hector Square Apt. 786\
West Linnea, KS 44924-8687"
"22","daisy.hermiston@example.net","23987","Duane","Lind","Male","6447180","777-582-16","2675 Geoffrey Cliff Suite 470\
Murrayfurt, MS 22328-1097"
"23","ova96@example.net","0","Micaela","Schroeder","Male","53006904","113-568-82","7955 Drake Plaza Apt. 098\
South Kristian, DC 10590-1671"
"26","cristina34@example.org","6","Steve","Kiehn","Female","19190734","1-605-274-","991 Ellsworth Trace Suite 684\
West Ryanton, MD 21703"
"27","gutkowski.hazel@example.org","0","Kelsi","Goodwin","Female","60378390","1-906-014-","92478 Schimmel Squares Apt. 399\
Ofeliaview, IL 76196-3044"
"29","marguerite70@example.net","2","Esther","Heidenreich","Female","13837515","122.184.79","074 Kianna Station Apt. 726\
West Omari, DE 00778"
"30","cschinner@example.com","6","Leta","Schaefer","Female","78447320","811-302-26","8086 Tracey Ville\
Port Levifort, TX 02396"
"31","eileen.stanton@example.net","785","Jewel","Kuphal","Female","51131088","1-382-293-","653 Tyrel Locks\
Sarahhaven, GA 03043"
"33","kwelch@example.org","43","Mya","Raynor","Female","79778313","+50(0)4353","51826 Thiel Pine\
Turcotteville, VT 43395-5922"
"34","jbode@example.org","0","Sofia","Botsford","Female","14764980","1-290-118-","483 Marvin Hill Apt. 146\
North Althea, OH 86828-3434"
"35","ubecker@example.org","0","Flo","Blanda","Male","2690929","733-862-07","859 Bogisich Spur\
Lemkebury, NH 71460"
"36","imani.kovacek@example.com","9","Bailey","Greenholt","Female","87627269","0255694379","9549 Swift Isle\
Port Aidaborough, IN 60474"
"37","pullrich@example.org","810","Braeden","Stokes","Female","40225903","196.523.31","44057 Theron Lock\
Granttown, SD 85360"
"41","clifton09@example.net","3","Cade","Turner","Female","1784308","(812)455-4","37895 Marian Expressway Suite 740\
West Darian, IA 39226-4755"
"43","schiller.charley@example.com","2","Frances","Anderson","Male","57314090","(717)495-3","50733 Hegmann Ways Apt. 846\
Markston, MO 66542-9150"
"44","sherwood83@example.org","0","Jeff","Boyer","Female","53819142","177.067.24","75579 Claudie Mountains\
New Alyssonberg, VT 05466-8767"
"45","lubowitz.nicholaus@example.net","0","Golda","Robel","Female","89888752","0646512978","2789 Abagail Plaza Apt. 516\
South Leilanistad, RI 18112"
"46","alvis07@example.net","0","Marley","O'Keefe","Female","10952806","(681)078-8","0693 Edmond Bypass\
Timmothyhaven, AZ 81182"
"48","myah.kozey@example.com","0","Winston","Barton","Male","99389357","(084)811-7","1910 Elfrieda Meadow\
Port Garnetside, NJ 42216"
"49","berry.rippin@example.org","21929","Dixie","Lindgren","Male","84129301","1-179-283-","324 Winona Rapids Apt. 912\
South Augustus, DE 44939"
"51","hammes.shea@example.org","6","Marina","Kertzmann","Female","90517744","0844436091","40569 Jacobs Highway\
North Elishatown, VA 04668"
"52","satterfield.martin@example.net","2147483647","Astrid","McGlynn","Male","1481216","+27(2)2001","95642 Annabell Throughway\
Volkmanborough, NE 47417"
"54","casimer.mills@example.net","5183","Meta","Brown","Male","81561122","541.533.17","4603 Vickie Keys Apt. 384\
West Theresia, ID 48909-5911"
"55","gertrude65@example.org","0","Josefina","Kessler","Male","52098552","242.727.92","29780 Dean Via Suite 911\
Wandabury, AZ 83712"
"57","iosinski@example.net","8","Angelita","Fay","Female","40329256","163.445.47","9057 Casandra Hollow\
Blockhaven, TX 00092-1338"
"58","murphy.gleichner@example.net","0","Orion","McLaughlin","Female","30860394","528-848-81","0588 Lehner Glen\
Port Izabellaville, MD 72604-3277"
"59","conroy.stacy@example.org","0","Elouise","Ullrich","Male","98484484","809-527-13","90446 Clara Cliffs Apt. 068\
Judymouth, KY 27827-5799"
"61","o'kon.franz@example.com","8","Josefina","Zemlak","Male","69925245","568.807.50","31116 Fisher Isle Suite 235\
New Marjoryburgh, IN 88373"
"62","champlin.jeromy@example.com","78","Deshaun","Lakin","Male","48779123","(819)356-2","296 Wyman Shoal Apt. 283\
Padbergton, WA 69423"
"63","friesen.drew@example.net","1","Aaliyah","Powlowski","Male","91368380","(347)296-0","80221 Wolf Club Apt. 219\
North Ayden, GA 38277"
"64","simonis.justen@example.net","0","Alia","Cronin","Male","78108870","+48(7)0372","18293 Bednar Turnpike\
Opheliafurt, NV 52879"
"65","kaitlyn.o'conner@example.com","4","Libby","Pouros","Female","85938715","435.735.00","99252 Cicero Course Apt. 742\
Connfort, CT 84904-5851"
"68","katharina11@example.org","5","Khalil","Hettinger","Male","74174686","0512646087","374 Hackett Bridge\
Jarrellview, OR 05309"
"69","meggie.quitzon@example.org","0","Malcolm","Wiegand","Female","25727106","(180)273-6","7045 Tillman Isle\
West Linniemouth, OR 57489"
"71","consuelo09@example.net","0","Tyrel","Runte","Male","2760457","684.530.06","834 Luettgen Estates Suite 597\
Mooreland, WV 86224-6428"
"72","jaskolski.candelario@example.com","9","Otilia","Windler","Male","15609860","1-464-604-","37008 Walter Islands\
Constancefurt, ND 32635-3807"
"73","klocko.asha@example.net","46","Everardo","Kuvalis","Female","59152354","819-451-96","947 Makenna Meadow Suite 266\
South Cadenton, DE 74040"
"74","brekke.herminio@example.net","0","Andrew","Franecki","Male","6824109","965.505.00","3380 Kunze Brook Suite 304\
Hodkiewicztown, UT 42004"
"76","lucile.johnson@example.net","28","Ismael","Keeling","Female","56971855","1-840-655-","1581 Johnson Drive Suite 452\
North Aiyanaview, IA 10469"
"77","aiyana.bailey@example.org","0","Elbert","Schultz","Male","26934404","086-582-59","47926 O'Kon Forges\
Gorczanyshire, ND 91583"
"79","jo.herman@example.com","0","Jannie","Klocko","Male","25924787","+43(5)6240","81586 Metz Harbors\
Taryntown, UT 79785-6835"
"80","xzboncak@example.net","0","Preston","Bergnaum","Female","40359877","1-059-029-","2337 Patience Trail\
Hermistonside, MD 34556-8929"
"81","vpfeffer@example.net","6","Karley","Zulauf","Female","14084120","336-673-29","3248 Anne Route\
Quigleyfort, TN 91783-1709"
"82","gibson.elvis@example.com","64","Christophe","Gutkowski","Male","14789656","829-465-18","8871 White Valley Suite 418\
Kodyfort, CT 06319"
"85","lonie.williamson@example.com","3","Jaquelin","Cormier","Female","4319728","545-750-83","2119 Velda Circles Suite 993\
Lake Milofort, NM 06394-7586"
"86","kohler.jaylon@example.net","8718001","Stephan","Johnston","Male","43408435","(016)855-8","8561 Royal Radial Suite 722\
Graycehaven, NH 68924"
"87","nhessel@example.net","61190","Rey","Zboncak","Female","61710695","962.556.58","022 Brice Parkway\
Schmidtfort, NE 67481"
"88","wolf.icie@example.net","69","Adriel","Kub","Female","8783940","1-090-407-","9711 Rau Manor Suite 946\
West Harleyton, SC 21116"
"89","marley.mann@example.com","8","Alden","Kautzer","Male","81101680","(080)546-7","748 Boyle Shore\
Hectorshire, NE 69153-2545"
"90","vivienne.wisozk@example.org","72","Lamar","Daniel","Male","17628872","1-163-965-","804 Elaina Views\
East General, RI 86680-7544"
"94","oblick@example.net","530","Ayla","Pacocha","Female","68531170","(025)524-7","1691 Ocie Squares Apt. 343\
South Giovanni, DC 75539"
"96","hartmann.orlando@example.org","659","Octavia","Schultz","Female","70676024","+61(8)2458","79029 Mitchell Circle Apt. 083\
Welchstad, IN 21814-4379"
"97","jacobi.bessie@example.net","152","Rhiannon","Tremblay","Female","7345525","(530)137-2","729 Armand Divide\
South Sunny, CO 94879-2450"
"99","irodriguez@example.org","0","Brandy","Rutherford","Female","72606272","989.701.52","6368 Koelpin Neck\
Gennaromouth, UT 32132"
"100","vidal79@example.net","3478","Naomi","Shanahan","Female","53670360","832-514-05","28714 Eliza Street Apt. 727\
East Mack, DE 20337-7711"
"103","hilario.windler@example.net","0","Ryan","Abshire","Female","67798309","1-575-802-","5242 Rowland Forks Suite 311\
Bahringertown, WI 50889-8647"
"104","imitchell@example.net","22","Loraine","Gutkowski","Male","1105939","699-127-92","031 Cordie Stravenue Suite 576\
Port Elissahaven, VT 13124-0485"
"105","kenya.ziemann@example.net","0","Joshuah","Hartmann","Male","39570242","1-665-549-","9957 Alvina Ways\
Lake Ward, VT 02734-7230"
"119","eusebio72@example.org","543","Fannie","Ernser","Female","59815992","(488)776-5","053 Beulah Square\
Maggioberg, CT 80837"
"121","vfeil@example.net","238","Bo","Ziemann","Female","81417541","543-880-30","75822 Angelina Orchard Apt. 029\
Hankstad, WV 63116-1856"
"124","elarkin@example.net","6","Bobbie","Daniel","Male","41090484","999-656-06","67656 Altenwerth Highway\
Bruenview, HI 47140-2668"
"126","sanford15@example.com","0","Alexandria","Cruickshank","Female","75242718","287-647-99","0854 Mathilde Highway Apt. 930\
North Laurymouth, KY 81355"
"127","koelpin.jaunita@example.net","416","Archibald","Kris","Female","89436006","1-982-786-","7813 Wolf Overpass\
Traceyland, AL 12027-3451"
"128","bayer.tierra@example.org","0","Lawson","Bailey","Female","98749921","145.434.23","901 Daugherty Dale Suite 821\
Charleyberg, VA 09092"
"129","cassandra39@example.net","0","Tiara","Hackett","Female","17576036","152-759-06","96859 Dickens Manor\
Ondrickastad, HI 19381"
"136","sauer.manley@example.net","82409","Josh","Trantow","Female","60551003","(530)301-7","956 Nienow Meadow Suite 654\
Murraymouth, TX 03592-2184"
"137","nicolas.zulauf@example.com","2300000","Shanon","Cassin","Male","38237358","1-797-255-","24096 Marvin Mission Suite 352\
Cassandraberg, CT 96611"
"138","dejuan67@example.com","0","Eli","Stokes","Male","23385575","+82(2)0091","6024 Flatley Spring\
South Kellen, MD 43757"
"139","qkoss@example.org","845","Carrie","McGlynn","Male","12267921","372.969.49","79339 Cummings Spurs Apt. 863\
Gonzaloville, MA 76016-2655"
"141","fadel.tyra@example.com","54","Romaine","Upton","Female","52330930","(306)657-8","9636 Boehm Ville\
Lubowitzberg, OK 50061"
"143","torrey71@example.com","0","Immanuel","Leuschke","Female","56817462","598.690.63","846 Guillermo Cliff\
West Elfrieda, NY 87915"
"144","torphy.donna@example.org","92","Ronny","Fay","Female","41960432","(992)316-3","2086 Alexandrine Crest Suite 687\
Conniebury, AZ 67876-4514"
"147","feeney.heloise@example.org","7","Kasandra","Romaguera","Male","82483064","0274594108","91529 Cristobal Forest\
Hilperttown, NC 97102-6164"
"148","smitham.savanna@example.net","672","Melba","Leffler","Male","50350707","(282)762-2","0511 Weissnat Street Apt. 744\
East Bradley, TN 10667"
"149","frank81@example.net","34915","Lenna","Feeney","Female","15071909","1-476-872-","20070 Hansen Corner\
Margefurt, MI 75411-7280"
"152","schaefer.phyllis@example.com","39","Noe","D'Amore","Female","83605426","(456)392-4","8986 Charlene Island Apt. 099\
Lake Nelda, NC 84073"
"154","lemke.thaddeus@example.org","0","Lue","Hane","Male","68259505","(929)778-7","6894 Kristian Villages Suite 027\
Hilllshire, SC 96665-8932"
"155","giovani46@example.org","7","Jaylin","Mann","Female","43474341","0358588120","153 Haley Summit\
Mckaylachester, KS 59752-4450"
"156","rasheed.barton@example.org","2","Bella","Bechtelar","Female","99073087","1-767-627-","25753 Jerel Crossing Apt. 981\
Devinville, MT 12869"
"166","bmaggio@example.org","26","Stephania","O'Connell","Male","99322814","1-802-008-","919 Elyssa Roads Apt. 091\
North Lexie, MS 62227-6036"
"169","jast.duncan@example.org","2","Ericka","Johnston","Male","34404655","1-916-732-","56110 Rafael Pines\
Larkinshire, ID 08237-5892"
"172","eliza80@example.org","0","Peter","Homenick","Male","3119779","1-027-103-","697 Klein Skyway\
Neilfurt, IA 89018-4271"
"173","fbarrows@example.com","33","Casper","Connelly","Female","13537068","+94(7)3910","8168 Murray Mountain Suite 010\
West Everardo, CO 82156"
"175","rspencer@example.net","0","Leora","Paucek","Male","39774761","1-586-833-","05585 Feeney Drives\
Port Aubree, NE 25657"
"177","jesus74@example.net","0","Ubaldo","Marks","Female","92161045","452.238.88","6937 Okey Forges\
Whiteville, OH 43165-5919"
"179","jacklyn07@example.org","0","Murl","Ankunding","Male","11820236","1-001-811-","245 Leffler Radial Apt. 443\
Nettietown, NV 66647-6395"
"180","doyle.tyrese@example.org","0","Mallie","O'Conner","Male","28130179","0115069949","405 Goldner Walks Suite 119\
North Lottieland, IL 81069"
"181","max21@example.org","9","Caleb","Berge","Female","23377328","1-553-252-","5154 Aliza Lights\
Dangeloborough, UT 14559"
"182","volkman.glen@example.net","49","Oda","Ruecker","Female","12753264","386.790.69","79993 O'Kon Divide Suite 763\
Beattyfurt, MN 82333"
"185","ebarton@example.net","8","Catalina","Deckow","Male","69565096","142-749-63","97633 Bins Street Suite 425\
New Tiffany, WI 60749"
"190","fsatterfield@example.net","2753","Adriel","Kulas","Female","86667080","0826506958","13809 Elise Plaza Suite 621\
Lake Wiley, FL 45716-3705"
"191","othompson@example.net","7","Madie","Gerhold","Male","31412778","+12(6)2243","6917 Alexane Throughway Suite 908\
New Caseyside, MO 01557-9080"
"193","lbayer@example.org","8","Danielle","Jenkins","Male","61920426","1-418-653-","456 Destany Heights\
East Sydnichester, MT 72500"
"194","angela94@example.org","0","Amely","Watsica","Male","61315801","0109693401","5315 Virginie Square\
South Janickport, KY 87936-3071"
"195","lang.tamara@example.com","0","Johanna","Ritchie","Female","39769240","+65(6)7170","407 Marlen Drives Suite 614\
Marksfurt, MA 49915-3197"
"196","daltenwerth@example.org","1054","Larue","Marquardt","Female","15343296","615.735.30","900 Stephany Trace\
New Lunafurt, MI 10229"
"198","elmo51@example.org","0","Marie","Adams","Female","75912965","(923)272-6","75618 Rory Tunnel\
Jonesmouth, VT 24470"
"200","ladarius39@example.net","720000000","Jeffery","Cruickshank","Female","98624498","438-955-58","757 White Oval Apt. 257\
South Maximillianbury, ID 06327-9672"
